  {
    "id": "MISSION_DRAGONSLAYER2",
    "type": "mission_definition",
    "name": { "str": "Slay a REAL dragon!" },
    "description": "A devilish ruse! But you are wiser now. Go, and slay a true dragon!",
    "goal": "MGOAL_KILL_MONSTER_TYPE",
    "monster_type": "mon_dragon_black_adult",
    "monster_kill_goal": 1,
    "difficulty": 20,
    "value": 0,
    "end": {
      "effect": [
        {
          "u_add_morale": "morale_feeling_good",
          "bonus": 20,
          "max_bonus": 50,
          "duration": "120 minutes",
          "decay_start": "120 minutes"
        }
      ]
    },
    "origins": [ "ORIGIN_GAME_START" ]
  },